{
  "adaptive_v1": {
    "arm": "adaptive_v1",
    "attempted_iterations": 8000,
    "correction_clamp": 0.01,
    "correction_max": 0.00402080691908,
    "correction_mean": 0.0037456725832970563,
    "correction_min": 3.66536915368e-05,
    "correction_saturation_rate": 0.0,
    "correction_sign_flips": 0,
    "correction_std": 0.00036712059973618484,
    "final_correction": 0.00391628849673,
    "final_loss": 17.3858794,
    "first_adapted_pair_iteration": 129,
    "first_nonzero_correction_iteration": 129,
    "gap_max": 0.0155177241311,
    "gap_mean": 0.010775597477013104,
    "gap_min": 0.00893201069397,
    "minimum_finite_loss": 13.20623493,
    "nan_inf_count": 0,
    "normalized_loss_auc": 17.20331839192717,
    "peak_gpu_memory_gb": 2.426729,
    "r_over_t_max": 0.991067989306,
    "r_over_t_mean": 0.9892244025229887,
    "r_over_t_min": 0.984482275869,
    "signal_updates": 2048,
    "skipped_steps": 15,
    "successful_steps": 7985,
    "trailing_100_mean": 16.8322541565,
    "trailing_100_median": 16.69880158,
    "trailing_100_std": 1.0795515197890224,
    "trailing_25_mean": 16.67150715,
    "trailing_25_median": 16.81525397,
    "trailing_25_std": 0.9881173683988997,
    "trailing_50_mean": 16.8429638964,
    "trailing_50_median": 16.809074520000003,
    "trailing_50_std": 0.9738494209812143,
    "wall_time_seconds": 6403.940569
  },
  "sigmoid": {
    "arm": "sigmoid",
    "attempted_iterations": 8000,
    "final_loss": 16.77903271,
    "minimum_finite_loss": 12.51593566,
    "nan_inf_count": 0,
    "normalized_loss_auc": 16.659747160242773,
    "peak_gpu_memory_gb": 2.426729,
    "skipped_steps": 13,
    "successful_steps": 7987,
    "trailing_100_mean": 16.2883404576,
    "trailing_100_median": 16.307300509999997,
    "trailing_100_std": 1.041926294247584,
    "trailing_25_mean": 16.1079650264,
    "trailing_25_median": 16.21914923,
    "trailing_25_std": 0.9524960410832125,
    "trailing_50_mean": 16.2933293582,
    "trailing_50_median": 16.208322705,
    "trailing_50_std": 0.9251349281597794,
    "wall_time_seconds": 6811.020206
  }
}
